{
  "parameters": {
    "batch_size": 8,
    "max_sequence_length": 100,
    "pretrained_model": "CharCNN+SciBERT",
    "optimizer": "BertAdam",
    "do_pgd": false,
    "general_learning_rate": 0.0001,
    "bert_learning_rate": 5e-05,
    "weight_decay_rate": 0.01,
    "dropout_rate": 0.1,
    "decay_rate": 0.5,
    "mid_struct": "bilstm",
    "warmup_proportion": 0.05
  },
  "train": {},
  "test": {
    "epoch0_step318": {
      "precision": 0.39331236711597484,
      "recall": 0.3447923285752295,
      "f1": 0.3108474801835464
    },
    "epoch1_step636": {
      "precision": 0.5795128471190817,
      "recall": 0.5456225330547196,
      "f1": 0.5372105452409404
    },
    "epoch2_step954": {
      "precision": 0.6304199507387052,
      "recall": 0.6254386826339459,
      "f1": 0.6161695683271944
    },
    "epoch3_step1272": {
      "precision": 0.6233226602042423,
      "recall": 0.6548877373607874,
      "f1": 0.6293475785636807
    },
    "epoch4_step1590": {
      "precision": 0.6398435814748187,
      "recall": 0.6321426982724999,
      "f1": 0.623486820866152
    },
    "epoch5_step1908": {
      "precision": 0.6350176987019799,
      "recall": 0.6283575974388932,
      "f1": 0.6192997286205782
    },
    "epoch6_step2226": {
      "precision": 0.6190670079196453,
      "recall": 0.6167345461615452,
      "f1": 0.6012147691742437
    },
    "epoch7_step2544": {
      "precision": 0.614378874738818,
      "recall": 0.6197128065658176,
      "f1": 0.6032029756289902
    },
    "epoch8_step2862": {
      "precision": 0.631182684231823,
      "recall": 0.6003622686385796,
      "f1": 0.5971604123721004
    },
    "epoch9_step3180": {
      "precision": 0.6329178591161665,
      "recall": 0.6352744115451469,
      "f1": 0.6228350582856795
    },
    "epoch10_step3498": {
      "precision": 0.6628825708999105,
      "recall": 0.6338091472781169,
      "f1": 0.6425353499173151
    },
    "epoch11_step3816": {
      "precision": 0.6594160303158799,
      "recall": 0.637184255208475,
      "f1": 0.637222425137245
    },
    "epoch12_step4134": {
      "precision": 0.6324591695328774,
      "recall": 0.6698641928565711,
      "f1": 0.6426674586978446
    },
    "epoch13_step4452": {
      "precision": 0.6109067004639759,
      "recall": 0.6848025006180672,
      "f1": 0.6392816512387112
    },
    "epoch14_step4770": {
      "precision": 0.6335259244511251,
      "recall": 0.6824033435626455,
      "f1": 0.6534784846223121
    },
    "epoch15_step5088": {
      "precision": 0.6448878399453518,
      "recall": 0.6781851838526098,
      "f1": 0.6544722904775916
    },
    "epoch16_step5406": {
      "precision": 0.6230955768576172,
      "recall": 0.6871704481668813,
      "f1": 0.6470807621810603
    },
    "epoch17_step5724": {
      "precision": 0.6468989340098116,
      "recall": 0.6786312448706154,
      "f1": 0.6615518649197414
    },
    "epoch18_step6042": {
      "precision": 0.6428032386824615,
      "recall": 0.6770770706527462,
      "f1": 0.6557697494105978
    },
    "epoch19_step6360": {
      "precision": 0.6400520791695475,
      "recall": 0.6801500984350849,
      "f1": 0.6547193023956419
    }
  }
}